{
  "main": {
    "id": "8bf14de428f62e7f",
    "type": "split",
    "children": [
      {
        "id": "52b95069d490a418",
        "type": "tabs",
        "children": [
          {
            "id": "397ed55c9c8bc373",
            "type": "leaf",
            "state": {
              "type": "markdown",
              "state": {
                "file": "Factions/The Lost.md",
                "mode": "source",
                "source": false
              }
            }
          }
        ],
        "stacked": true
      }
    ],
    "direction": "vertical"
  },
  "left": {
    "id": "66b93f49cdd6a695",
    "type": "split",
    "children": [
      {
        "id": "557dab323879c0ea",
        "type": "tabs",
        "children": [
          {
            "id": "2855eb1e6308a3dd",
            "type": "leaf",
            "state": {
              "type": "file-explorer",
              "state": {
                "sortOrder": "alphabetical"
              }
            }
          },
          {
            "id": "1bc64430e38b1061",
            "type": "leaf",
            "state": {
              "type": "search",
              "state": {
                "query": "",
                "matchingCase": false,
                "explainSearch": false,
                "collapseAll": false,
                "extraContext": false,
                "sortOrder": "alphabetical"
              }
            }
          },
          {
            "id": "ca516b534046ed5d",
            "type": "leaf",
            "state": {
              "type": "bookmarks",
              "state": {}
            }
          },
          {
            "id": "bce5108b8135caa0",
            "type": "leaf",
            "state": {
              "type": "mk-file-view",
              "state": {}
            }
          }
        ]
      }
    ],
    "direction": "horizontal",
    "width": 300
  },
  "right": {
    "id": "9fe496e53ed56fae",
    "type": "split",
    "children": [
      {
        "id": "4ffe0e7f7decdc62",
        "type": "tabs",
        "children": [
          {
            "id": "7dc615f5c64d41dc",
            "type": "leaf",
            "state": {
              "type": "backlink",
              "state": {
                "file": "Factions/The Lost.md",
                "collapseAll": false,
                "extraContext": false,
                "sortOrder": "alphabetical",
                "showSearch": true,
                "searchQuery": "",
                "backlinkCollapsed": false,
                "unlinkedCollapsed": false
              }
            }
          },
          {
            "id": "95354a17268b54c7",
            "type": "leaf",
            "state": {
              "type": "outgoing-link",
              "state": {
                "file": "Factions/The Lost.md",
                "linksCollapsed": false,
                "unlinkedCollapsed": true
              }
            }
          },
          {
            "id": "aea37162b6cae7de",
            "type": "leaf",
            "state": {
              "type": "tag",
              "state": {
                "sortOrder": "frequency",
                "useHierarchy": true
              }
            }
          },
          {
            "id": "d0547d4409cf2cc1",
            "type": "leaf",
            "state": {
              "type": "outline",
              "state": {
                "file": "Factions/The Lost.md"
              }
            }
          },
          {
            "id": "1bc143635b43611d",
            "type": "leaf",
            "state": {
              "type": "all-properties",
              "state": {
                "sortOrder": "frequency"
              }
            }
          },
          {
            "id": "25671e96d08ffb0f",
            "type": "leaf",
            "state": {
              "type": "file-properties",
              "state": {
                "file": "Factions/The Lost.md"
              }
            }
          },
          {
            "id": "172cb346d0004092",
            "type": "leaf",
            "state": {
              "type": "advanced-tables-toolbar",
              "state": {}
            }
          }
        ],
        "currentTab": 6
      }
    ],
    "direction": "horizontal",
    "width": 300,
    "collapsed": true
  },
  "left-ribbon": {
    "hiddenItems": {
      "switcher:Open quick switcher": false,
      "graph:Open graph view": false,
      "canvas:Create new canvas": false,
      "daily-notes:Open today's daily note": false,
      "templates:Insert template": false,
      "command-palette:Open command palette": false,
      "markdown-importer:Open format converter": false,
      "table-editor-obsidian:Advanced Tables Toolbar": false
    }
  },
  "active": "397ed55c9c8bc373",
  "lastOpenFiles": [
    "GM Reference/Vice Purveyors List.md",
    "Ssalia.md",
    "Lore/Ghosts.md",
    "People/Pux Bolin.md",
    "People/Helene.md",
    "PCs/Lorick.md",
    "Factions/The Lost.md",
    "Cortland.md",
    "Factions/Leviathan Hunters.md",
    "People/Lady Ankhayat.md",
    "Lady Clave.md",
    "People/Lord Strangford.md",
    "Factions/The Lampblacks.md",
    "Locations/Dagger Isles.md",
    "Djeram Maha.md",
    "Factions/The Hive.md",
    "Karth Orris.md",
    "Factions/The Grinders.md",
    "Crow’s Foot.md",
    "Scores/1. Turf Claim - Echo's Pawn Shop.md",
    "Templates/Score.md",
    "Factions/The Grey Cloaks.md",
    "Scores",
    "People/Hutch.md",
    "People/Nessa.md",
    "Factions/Gondoliers.md",
    "Factions/The Fog Hounds.md",
    "assets/Lorick.png",
    "assets/Ude.png",
    "assets/Arden.png",
    "assets/Kay.png",
    "assets/klyra.png",
    "assets/Tier.png",
    "assets/kraiphas.png",
    "assets",
    "Untitled 1.canvas",
    "Untitled.canvas",
    "Context/spacesLastSync.log",
    "Context",
    "Templates",
    "People",
    "Locations",
    "Factions",
    "Rituals",
    "assets/Slane.png",
    "GM Reference/Faction Tracker.txt",
    "Assets/Devil.png"
  ]
}